Kurs Jual,Kurs Beli,Tanggal
16361.4,16198.6,4/22/2024 12:00:00 AM
16257.89,16096.11,4/19/2024 12:00:00 AM
16321.2,16158.8,4/18/2024 12:00:00 AM
16256.88,16095.12,4/17/2024 12:00:00 AM
15952.36,15793.64,4/16/2024 12:00:00 AM
15986.53,15827.47,04/05/2024 00:00
16002.61,15843.39,04/04/2024 00:00
16013.67,15854.33,04/03/2024 00:00
15988.55,15829.45,04/02/2024 00:00
15952.36,15793.64,04/01/2024 00:00
15932.26,15773.74,3/28/2024 12:00:00 AM
15875.99,15718.01,3/27/2024 12:00:00 AM
15873.98,15716.02,3/26/2024 12:00:00 AM
15851.86,15694.14,3/25/2024 12:00:00 AM
15740.31,15583.69,3/22/2024 12:00:00 AM
15805.64,15648.36,3/21/2024 12:00:00 AM
15790.56,15633.44,3/20/2024 12:00:00 AM
15750.36,15593.64,3/19/2024 12:00:00 AM
15702.12,15545.88,3/18/2024 12:00:00 AM
15659.91,15504.09,3/15/2024 12:00:00 AM
15653.88,15498.12,3/14/2024 12:00:00 AM
15681.01,15524.99,3/13/2024 12:00:00 AM
15736.29,15579.71,03/08/2024 00:00
15801.61,15644.39,03/07/2024 00:00
15834.78,15677.22,03/06/2024 00:00
15801.61,15644.39,03/05/2024 00:00
15774.48,15617.52,03/04/2024 00:00
15793.58,15636.42,03/01/2024 00:00
15751.36,15594.64,2/29/2024 12:00:00 AM
15733.27,15576.73,2/28/2024 12:00:00 AM
15713.17,15556.83,2/27/2024 12:00:00 AM
15666.94,15511.06,2/26/2024 12:00:00 AM
15708.15,15551.85,2/23/2024 12:00:00 AM
15736.29,15579.71,2/22/2024 12:00:00 AM
15737.3,15580.7,2/21/2024 12:00:00 AM
15708.15,15551.85,2/20/2024 12:00:00 AM
15732.27,15575.73,2/19/2024 12:00:00 AM
15684.03,15527.97,2/16/2024 12:00:00 AM
15662.92,15507.08,2/15/2024 12:00:00 AM
15690.06,15533.94,2/13/2024 12:00:00 AM
15763.42,15606.58,02/12/2024 00:00
15812.67,15655.33,02/07/2024 00:00
15783.52,15626.48,02/06/2024 00:00
15766.44,15609.56,02/05/2024 00:00
15853.88,15696.13,02/02/2024 00:00
15882.01,15723.99,02/01/2024 00:00
15874.98,15717.02,1/31/2024 12:00:00 AM
15904.13,15745.88,1/30/2024 12:00:00 AM
15908.15,15749.85,1/29/2024 12:00:00 AM
15845.83,15688.17,1/26/2024 12:00:00 AM
15797.59,15640.41,1/25/2024 12:00:00 AM
15734.28,15577.72,1/24/2024 12:00:00 AM
15705.14,15548.86,1/23/2024 12:00:00 AM
15706.14,15549.86,1/22/2024 12:00:00 AM
15708.15,15551.85,1/19/2024 12:00:00 AM
15717.19,15560.81,1/18/2024 12:00:00 AM
15669.96,15514.04,1/17/2024 12:00:00 AM
15632.77,15477.23,1/16/2024 12:00:00 AM
15636.8,15481.2,1/15/2024 12:00:00 AM
15635.79,15480.21,01/12/2024 00:00
15645.84,15490.16,01/11/2024 00:00
15595.59,15440.41,01/10/2024 00:00
15599.61,15444.39,01/09/2024 00:00
15595.59,15440.41,01/08/2024 00:00
15602.63,15447.38,01/05/2024 00:00
15572.48,15417.52,01/04/2024 00:00
15550.36,15395.64,01/03/2024 00:00
15516.19,15361.81,01/02/2024 00:00
15493.08,15338.92,12/29/2023 12:00:00 AM
15491.07,15336.93,12/28/2023 12:00:00 AM
15566.44,15411.56,12/27/2023 12:00:00 AM
15610.67,15455.33,12/22/2023 12:00:00 AM
15589.56,15434.44,12/21/2023 12:00:00 AM
15583.53,15428.47,12/20/2023 12:00:00 AM
15593.58,15438.42,12/19/2023 12:00:00 AM
15580.51,15425.49,12/18/2023 12:00:00 AM
15570.47,15415.53,12/15/2023 12:00:00 AM
15707.15,15550.85,12/14/2023 12:00:00 AM
15709.16,15552.84,12/13/2023 12:00:00 AM
15692.07,15535.93,12/12/2023 00:00
15577.5,15422.5,12/11/2023 00:00
15613.68,15458.32,12/08/2023 00:00
15581.52,15426.48,12/07/2023 00:00
15581.52,15426.48,12/06/2023 00:00
15523.23,15368.77,12/05/2023 00:00
15601.62,15446.38,12/04/2023 00:00
15561.42,15406.58,12/01/2023 00:00
15460.92,15307.08,11/30/2023 12:00:00 AM
15527.25,15372.75,11/29/2023 12:00:00 AM
15604.64,15449.36,11/28/2023 12:00:00 AM
15664.93,15509.07,11/27/2023 12:00:00 AM
15670.97,15515.03,11/24/2023 12:00:00 AM
15661.92,15506.08,11/23/2023 12:00:00 AM
15513.18,15358.82,11/22/2023 12:00:00 AM
15496.09,15341.91,11/21/2023 12:00:00 AM
15581.52,15426.48,11/20/2023 12:00:00 AM
15672.98,15517.02,11/17/2023 12:00:00 AM
15580.51,15425.49,11/16/2023 12:00:00 AM
15777.5,15620.5,11/15/2023 12:00:00 AM
15791.57,15634.43,11/14/2023 12:00:00 AM
15771.47,15614.53,11/13/2023 12:00:00 AM
15727.25,15570.75,11/10/2023 00:00
15707.15,15550.85,11/09/2023 00:00
15670.97,15515.03,11/08/2023 00:00
15627.75,15472.25,11/07/2023 00:00
15849.85,15692.15,11/06/2023 00:00
15940.31,15781.69,11/03/2023 00:00
16025.73,15866.27,11/02/2023 00:00
15976.49,15817.51,11/01/2023 00:00
15995.58,15836.42,10/31/2023 12:00:00 AM
16020.7,15861.3,10/30/2023 12:00:00 AM
16012.67,15853.33,10/27/2023 12:00:00 AM
15950.35,15791.65,10/26/2023 12:00:00 AM
15948.34,15789.66,10/25/2023 12:00:00 AM
16022.72,15863.28,10/24/2023 12:00:00 AM
15935.28,15776.72,10/23/2023 12:00:00 AM
15917.19,15758.81,10/20/2023 12:00:00 AM
15809.66,15652.34,10/19/2023 12:00:00 AM
15796.59,15639.41,10/18/2023 12:00:00 AM
15794.58,15637.42,10/17/2023 12:00:00 AM
15787.55,15630.45,10/16/2023 12:00:00 AM
15780.51,15623.49,10/13/2023 12:00:00 AM
15788.55,15631.45,10/12/2023 00:00
15786.54,15629.46,10/11/2023 00:00
15753.38,15596.63,10/10/2023 00:00
15706.14,15549.86,10/09/2023 00:00
15679,15523,10/06/2023 00:00
15714.18,15557.82,10/05/2023 00:00
15678,15522,10/04/2023 00:00
15596.59,15441.41,10/03/2023 00:00
15564.43,15409.57,10/02/2023 00:00
15603.63,15448.37,9/29/2023 12:00:00 AM
15541.32,15386.68,9/27/2023 12:00:00 AM
15476,15322,9/26/2023 12:00:00 AM
15459.92,15306.08,9/25/2023 12:00:00 AM
15473.99,15320.01,9/22/2023 12:00:00 AM
15472.98,15319.02,9/21/2023 12:00:00 AM
15457.91,15304.09,9/20/2023 12:00:00 AM
15449.86,15296.14,9/19/2023 12:00:00 AM
15443.83,15290.17,9/18/2023 12:00:00 AM
15433.78,15280.22,9/15/2023 12:00:00 AM
15443.83,15290.17,9/14/2023 12:00:00 AM
15420.72,15267.28,9/13/2023 12:00:00 AM
15428.76,15275.24,09/12/2023 00:00
15417.7,15264.3,09/11/2023 00:00
15410.67,15257.33,09/08/2023 00:00
15383.53,15230.47,09/07/2023 00:00
15336.3,15183.7,09/06/2023 00:00
15323.24,15170.76,09/05/2023 00:00
15328.26,15175.74,09/04/2023 00:00
15313.18,15160.82,09/01/2023 00:00
15315.19,15162.81,8/31/2023 12:00:00 AM
15339.32,15186.68,8/30/2023 12:00:00 AM
15370.47,15217.53,8/29/2023 12:00:00 AM
15373.49,15220.51,8/28/2023 12:00:00 AM
15329.26,15176.74,8/25/2023 12:00:00 AM
15395.59,15242.41,8/24/2023 12:00:00 AM
15402.63,15249.37,8/23/2023 12:00:00 AM
15405.65,15252.35,8/22/2023 12:00:00 AM
15384.54,15231.46,8/21/2023 12:00:00 AM
15384.54,15231.46,8/18/2023 12:00:00 AM
15422.73,15269.27,8/16/2023 12:00:00 AM
15399.61,15246.39,8/15/2023 12:00:00 AM
15301.13,15148.88,8/14/2023 12:00:00 AM
15280.02,15127.98,08/11/2023 00:00
15282.03,15129.97,08/10/2023 00:00
15305.15,15152.85,08/09/2023 00:00
15253.89,15102.11,08/08/2023 00:00
15243.84,15092.16,08/07/2023 00:00
15273.99,15122.01,08/04/2023 00:00
15246.85,15095.15,08/03/2023 00:00
15192.58,15041.42,08/02/2023 00:00
15167.46,15016.54,08/01/2023 00:00
15158.42,15007.58,7/31/2023 12:00:00 AM
15078.01,14927.99,7/28/2023 12:00:00 AM
15107.16,14956.84,7/27/2023 12:00:00 AM
15082.03,14931.97,7/26/2023 12:00:00 AM
15103.14,14952.86,7/25/2023 12:00:00 AM
15101.13,14950.87,7/24/2023 12:00:00 AM
15065.95,14916.05,7/21/2023 12:00:00 AM
15068.97,14919.03,7/20/2023 12:00:00 AM
15082.03,14931.97,7/18/2023 12:00:00 AM
15019.73,14870.27,7/17/2023 12:00:00 AM
15052.89,14903.11,7/14/2023 12:00:00 AM
15159.42,15008.58,7/13/2023 12:00:00 AM
15237.81,15086.19,07/12/2023 00:00
15267.96,15116.04,07/11/2023 00:00
15211.68,15060.32,07/10/2023 00:00
15137.31,14986.69,07/07/2023 00:00
15088.07,14937.93,07/06/2023 00:00
15093.09,14942.91,07/05/2023 00:00
15109.17,14958.83,07/04/2023 00:00
15075,14925,07/03/2023 00:00
15101.13,14950.87,6/27/2023 12:00:00 AM
15072.99,14923.01,6/26/2023 12:00:00 AM
14992.59,14843.41,6/23/2023 12:00:00 AM
15056.91,14907.09,6/22/2023 12:00:00 AM
15115.2,14964.8,6/21/2023 12:00:00 AM
15068.97,14919.03,6/20/2023 12:00:00 AM
15019.73,14870.27,6/19/2023 12:00:00 AM
15017.72,14868.28,6/16/2023 12:00:00 AM
14969.48,14820.52,6/15/2023 12:00:00 AM
14942.34,14793.66,6/14/2023 12:00:00 AM
14948.37,14799.63,6/13/2023 12:00:00 AM
14927.26,14778.74,06/12/2023 00:00
14977.51,14828.49,06/09/2023 00:00
14949.38,14800.63,06/08/2023 00:00
14913.19,14764.81,06/07/2023 00:00
14962.44,14813.56,06/06/2023 00:00
15078.01,14927.99,06/05/2023 00:00
15043.84,14894.16,5/31/2023 12:00:00 AM
15047.86,14898.14,5/30/2023 12:00:00 AM
15033.8,14884.2,5/29/2023 12:00:00 AM
15026.76,14877.24,5/26/2023 12:00:00 AM
14979.52,14830.48,5/25/2023 12:00:00 AM
14952.39,14803.61,5/24/2023 12:00:00 AM
14971.49,14822.51,5/23/2023 12:00:00 AM
15010.68,14861.32,5/22/2023 12:00:00 AM
14949.38,14800.63,5/19/2023 12:00:00 AM
14884.05,14735.95,5/17/2023 12:00:00 AM
14886.06,14737.94,5/16/2023 12:00:00 AM
14825.76,14678.24,5/15/2023 12:00:00 AM
14795.61,14648.39,05/12/2023 00:00
14819.73,14672.27,05/11/2023 00:00
14830.78,14683.22,05/10/2023 00:00
14782.55,14635.45,05/09/2023 00:00
14747.37,14600.63,05/08/2023 00:00
14705.16,14558.84,05/05/2023 00:00
14779.53,14632.47,05/04/2023 00:00
14776.51,14629.49,05/03/2023 00:00
14734.31,14587.69,05/02/2023 00:00
14824.75,14677.25,4/28/2023 12:00:00 AM
14956.41,14807.59,4/27/2023 12:00:00 AM
14929.27,14780.73,4/26/2023 12:00:00 AM
14846.86,14699.14,4/18/2023 12:00:00 AM
14739.33,14592.67,4/17/2023 12:00:00 AM
14865.96,14718.04,4/14/2023 12:00:00 AM
14940.33,14791.67,4/13/2023 12:00:00 AM
14962.44,14813.56,04/12/2023 00:00
14979.52,14830.48,04/11/2023 00:00
15017.72,14868.28,04/10/2023 00:00
15007.67,14858.33,04/06/2023 00:00
14987.57,14838.43,04/05/2023 00:00
15064.95,14915.05,04/04/2023 00:00
15051.89,14902.11,04/03/2023 00:00
15137.31,14986.69,3/31/2023 12:00:00 AM
15169.47,15018.53,3/30/2023 12:00:00 AM
15163.44,15012.56,3/29/2023 12:00:00 AM
15249.87,15098.13,3/28/2023 12:00:00 AM
15264.94,15113.06,3/27/2023 12:00:00 AM
15425.75,15272.25,3/24/2023 12:00:00 AM
15448.86,15295.14,3/21/2023 12:00:00 AM
15440.82,15287.18,3/20/2023 12:00:00 AM
15495.09,15340.91,3/17/2023 12:00:00 AM
15441.83,15288.17,3/16/2023 12:00:00 AM
15456.9,15303.1,3/15/2023 12:00:00 AM
15450.87,15297.13,3/14/2023 12:00:00 AM
15545.34,15390.66,3/13/2023 12:00:00 AM
15515.19,15360.81,03/10/2023 00:00
15528.25,15373.75,03/09/2023 00:00
15435.8,15282.2,03/08/2023 00:00
15377.5,15224.5,03/07/2023 00:00
15382.53,15229.47,03/06/2023 00:00
15349.36,15196.64,03/03/2023 00:00
15326.25,15173.75,03/02/2023 00:00
15316.2,15163.8,03/01/2023 00:00
15350.37,15197.63,2/28/2023 12:00:00 AM
15292.08,15139.92,2/27/2023 12:00:00 AM
15262.93,15111.07,2/24/2023 12:00:00 AM
15294.09,15141.91,2/23/2023 12:00:00 AM
15254.9,15103.1,2/22/2023 12:00:00 AM
15243.84,15092.16,2/21/2023 12:00:00 AM
15275,15123,2/20/2023 12:00:00 AM
15251.88,15100.12,2/17/2023 12:00:00 AM
15269.97,15118.03,2/16/2023 12:00:00 AM
15243.84,15092.16,2/15/2023 12:00:00 AM
15292.08,15139.92,2/14/2023 12:00:00 AM
15215.7,15064.3,2/13/2023 12:00:00 AM
15195.6,15044.4,02/10/2023 00:00
15197.61,15046.39,02/09/2023 00:00
15214.69,15063.31,02/08/2023 00:00
15130.27,14979.73,02/07/2023 00:00
14972.49,14823.51,02/06/2023 00:00
14942.34,14793.66,02/03/2023 00:00
15065.95,14916.05,02/02/2023 00:00
15066.96,14917.04,02/01/2023 00:00
15053.9,14904.1,1/31/2023 12:00:00 AM
15052.89,14903.11,1/30/2023 12:00:00 AM
15038.82,14889.18,1/27/2023 12:00:00 AM
15032.79,14883.21,1/26/2023 12:00:00 AM
15004.65,14855.35,1/25/2023 12:00:00 AM
15196.6,15045.4,1/24/2023 12:00:00 AM
15188.57,15037.43,1/20/2023 12:00:00 AM
15212.68,15061.32,1/19/2023 12:00:00 AM
15229.77,15078.23,1/18/2023 12:00:00 AM
15094.09,14943.91,1/17/2023 12:00:00 AM
15252.89,15101.11,1/16/2023 12:00:00 AM
15442.83,15289.17,1/13/2023 12:00:00 AM
15604.64,15449.36,01/12/2023 00:00
15666.94,15511.06,01/11/2023 00:00
15651.87,15496.13,01/10/2023 00:00
15713.17,15556.83,01/09/2023 00:00
15688.05,15531.95,01/06/2023 00:00
15693.08,15536.92,01/05/2023 00:00
15667.95,15512.05,01/04/2023 00:00
15649.86,15494.14,01/03/2023 00:00
15669.96,15514.04,01/02/2023 00:00
15809.66,15652.34,12/30/2022 12:00:00 AM
15781.51,15624.49,12/29/2022 12:00:00 AM
15737.3,15580.7,12/28/2022 12:00:00 AM
15714.18,15557.82,12/27/2022 12:00:00 AM
15683.02,15526.98,12/26/2022 12:00:00 AM
15671.97,15516.03,12/23/2022 12:00:00 AM
15679,15523,12/22/2022 12:00:00 AM
15686.04,15529.96,12/21/2022 12:00:00 AM
15699.1,15542.9,12/20/2022 12:00:00 AM
15695.08,15538.92,12/19/2022 12:00:00 AM
15708.15,15551.85,12/16/2022 12:00:00 AM
15697.09,15540.91,12/15/2022 12:00:00 AM
15739.31,15582.69,12/14/2022 12:00:00 AM
15720.21,15563.79,12/13/2022 12:00:00 AM
15664.93,15509.07,12/12/2022 00:00
15702.12,15545.88,12/09/2022 00:00
15697.09,15540.91,12/08/2022 00:00
15653.88,15498.12,12/07/2022 00:00
15486.05,15331.95,12/06/2022 00:00
15506.15,15351.85,12/05/2022 00:00
15695.08,15538.92,12/02/2022 00:00
15820.71,15663.29,12/01/2022 00:00
15815.68,15658.32,11/30/2022 12:00:00 AM
15807.65,15650.35,11/29/2022 12:00:00 AM
15746.34,15589.66,11/28/2022 12:00:00 AM
15725.24,15568.76,11/25/2022 12:00:00 AM
15778.5,15621.5,11/24/2022 12:00:00 AM
15794.58,15637.42,11/23/2022 12:00:00 AM
15785.53,15628.47,11/22/2022 12:00:00 AM
15770.46,15613.54,11/21/2022 12:00:00 AM
15765.43,15608.57,11/18/2022 12:00:00 AM
15688.05,15531.95,11/17/2022 12:00:00 AM
15641.82,15486.18,11/16/2022 12:00:00 AM
15576.5,15421.5,11/15/2022 12:00:00 AM
15570.47,15415.53,11/14/2022 12:00:00 AM
15779.5,15622.5,11/11/2022 00:00
15732.27,15575.73,11/10/2022 00:00
15762.42,15605.58,11/09/2022 00:00
15770.46,15613.54,11/08/2022 00:00
15814.68,15657.32,11/07/2022 00:00
15759.41,15602.59,11/04/2022 00:00
15730.26,15573.74,11/03/2022 00:00
15725.24,15568.76,11/02/2022 00:00
15673.98,15518.02,11/01/2022 00:00
15619.71,15464.29,10/31/2022 12:00:00 AM
15650.86,15495.14,10/28/2022 12:00:00 AM
15673.98,15518.02,10/27/2022 12:00:00 AM
15694.08,15537.92,10/26/2022 12:00:00 AM
15667.95,15512.05,10/25/2022 12:00:00 AM
15688.05,15531.95,10/24/2022 12:00:00 AM
15656.9,15501.1,10/21/2022 12:00:00 AM
15568.45,15413.55,10/20/2022 12:00:00 AM
15546.34,15391.66,10/19/2022 12:00:00 AM
15557.4,15402.6,10/18/2022 12:00:00 AM
15466.95,15313.05,10/17/2022 12:00:00 AM
15433.78,15280.22,10/14/2022 12:00:00 AM
15449.86,15296.14,10/13/2022 12:00:00 AM
15438.81,15285.19,10/12/2022 00:00
15375.5,15222.5,10/11/2022 00:00
15322.23,15169.77,10/10/2022 00:00
15272.99,15121.01,10/07/2022 00:00
15271.98,15120.02,10/06/2022 00:00
15352.38,15199.62,10/05/2022 00:00
15369.47,15216.53,10/04/2022 00:00
15308.16,15155.84,10/03/2022 00:00
15323.24,15170.76,9/30/2022 12:00:00 AM
15319.22,15166.78,9/29/2022 12:00:00 AM
15230.77,15079.23,9/28/2022 12:00:00 AM
15194.59,15043.41,9/27/2022 12:00:00 AM
15110.17,14959.83,9/26/2022 12:00:00 AM
15108.17,14957.83,9/23/2022 12:00:00 AM
15086.06,14935.94,9/22/2022 12:00:00 AM
15049.88,14900.13,9/21/2022 12:00:00 AM
15054.9,14905.1,9/20/2022 12:00:00 AM
15013.69,14864.31,9/19/2022 12:00:00 AM
14973.5,14824.5,9/16/2022 12:00:00 AM
14997.61,14848.39,9/15/2022 12:00:00 AM
14935.31,14786.69,9/14/2022 12:00:00 AM
14913.19,14764.81,9/13/2022 12:00:00 AM
14920.23,14771.77,09/12/2022 00:00
14979.52,14830.48,09/09/2022 00:00
15001.64,14852.36,09/08/2022 00:00
14959.42,14810.58,09/07/2022 00:00
14994.6,14845.4,09/06/2022 00:00
14974.5,14825.5,09/05/2022 00:00
14958.42,14809.58,09/02/2022 00:00
14927.26,14778.74,09/01/2022 00:00
14949.38,14800.63,8/31/2022 12:00:00 AM
14961.43,14812.57,8/30/2022 12:00:00 AM
14888.07,14739.93,8/29/2022 12:00:00 AM
14901.14,14752.86,8/26/2022 12:00:00 AM
14925.25,14776.75,8/25/2022 12:00:00 AM
14967.47,14818.53,8/24/2022 12:00:00 AM
14956.41,14807.59,8/23/2022 12:00:00 AM
14932.29,14783.71,8/22/2022 12:00:00 AM
14896.11,14747.89,8/19/2022 12:00:00 AM
14840.83,14693.17,8/18/2022 12:00:00 AM
14800.64,14653.36,8/16/2022 12:00:00 AM
14761.44,14614.56,8/15/2022 12:00:00 AM
14873,14725,08/12/2022 00:00
14949.38,14800.63,08/11/2022 00:00
14936.31,14787.69,08/10/2022 00:00
14989.58,14840.42,08/09/2022 00:00
14978.52,14829.48,08/08/2022 00:00
15003.65,14854.35,08/05/2022 00:00
14991.58,14842.42,08/04/2022 00:00
14962.44,14813.56,08/03/2022 00:00
14948.37,14799.63,08/02/2022 00:00
14934.3,14785.7,08/01/2022 00:00
15032.79,14883.21,7/29/2022 12:00:00 AM
15095.1,14944.9,7/28/2022 12:00:00 AM
15058.92,14909.08,7/27/2022 12:00:00 AM
15066.96,14917.04,7/26/2022 12:00:00 AM
15099.12,14948.88,7/25/2022 12:00:00 AM
15092.08,14941.92,7/22/2022 12:00:00 AM
15058.92,14909.08,7/21/2022 12:00:00 AM
15066.96,14917.04,7/20/2022 12:00:00 AM
15060.93,14911.07,7/19/2022 12:00:00 AM
15074,14924,7/18/2022 12:00:00 AM
15074,14924,7/15/2022 12:00:00 AM
15059.92,14910.08,7/14/2022 12:00:00 AM
15067.97,14918.03,7/13/2022 12:00:00 AM
15043.84,14894.16,07/12/2022 00:00
15055.91,14906.1,07/11/2022 00:00
15060.93,14911.07,07/08/2022 00:00
15090.08,14939.93,07/07/2022 00:00
15064.95,14915.05,07/06/2022 00:00
15034.8,14885.2,07/05/2022 00:00
15030.78,14881.22,07/04/2022 00:00
14956.41,14807.59,07/01/2022 00:00
14922.24,14773.76,6/30/2022 12:00:00 AM
14911.19,14762.82,6/29/2022 12:00:00 AM
14876.01,14727.99,6/28/2022 12:00:00 AM
14920.23,14771.77,6/27/2022 12:00:00 AM
14909.18,14760.83,6/24/2022 12:00:00 AM
14934.3,14785.7,6/23/2022 12:00:00 AM
14878.02,14729.98,6/22/2022 12:00:00 AM
14910.18,14761.82,6/21/2022 12:00:00 AM
14902.14,14753.86,6/20/2022 12:00:00 AM
14814.71,14667.3,6/17/2022 12:00:00 AM
14819.73,14672.27,6/16/2022 12:00:00 AM
14802.65,14655.36,6/15/2022 12:00:00 AM
14745.36,14598.64,6/14/2022 12:00:00 AM
14641.85,14496.16,6/13/2022 12:00:00 AM
14627.78,14482.23,06/10/2022 00:00
14549.39,14404.62,06/09/2022 00:00
14536.32,14391.68,06/08/2022 00:00
14534.31,14389.69,06/07/2022 00:00
14503.16,14358.85,06/06/2022 00:00
14598.63,14453.37,06/03/2022 00:00
14664.96,14519.04,06/02/2022 00:00
14616.72,14471.28,5/31/2022 12:00:00 AM
14650.89,14505.11,5/30/2022 12:00:00 AM
14718.23,14571.78,5/27/2022 12:00:00 AM
14726.27,14579.74,5/25/2022 12:00:00 AM
14738.33,14591.68,5/24/2022 12:00:00 AM
14734.31,14587.7,5/23/2022 12:00:00 AM
14804.66,14657.35,5/20/2022 12:00:00 AM
14755.41,14608.59,5/19/2022 12:00:00 AM
14724.26,14577.75,5/18/2022 12:00:00 AM
14692.1,14545.91,5/17/2022 12:00:00 AM
14657.93,14512.08,5/13/2022 12:00:00 AM
14618.73,14473.27,05/12/2022 00:00
14618.73,14473.27,05/11/2022 00:00
14606.67,14461.33,05/10/2022 00:00
14552.4,14407.6,05/09/2022 00:00
14490.09,14345.91,4/28/2022 12:00:00 AM
14484.06,14339.94,4/27/2022 12:00:00 AM
14524.26,14379.74,4/26/2022 12:00:00 AM
14432.81,14289.2,4/25/2022 12:00:00 AM
14419.74,14276.26,4/22/2022 12:00:00 AM
14422.76,14279.25,4/21/2022 12:00:00 AM
14418.74,14275.27,4/20/2022 12:00:00 AM
14427.78,14284.22,4/19/2022 12:00:00 AM
14420.75,14277.26,4/18/2022 12:00:00 AM
14430.8,14287.21,4/14/2022 12:00:00 AM
14435.82,14292.18,4/13/2022 12:00:00 AM
14441.85,14298.15,04/12/2022 00:00
14436.83,14293.18,04/11/2022 00:00
14430.8,14287.21,04/08/2022 00:00
14435.82,14292.18,04/07/2022 00:00
14419.74,14276.26,04/06/2022 00:00
14433.81,14290.19,04/05/2022 00:00
14435.82,14292.18,04/04/2022 00:00
14428.79,14285.22,04/01/2022 00:00
14420.75,14277.26,3/31/2022 12:00:00 AM
14435.82,14292.18,3/30/2022 12:00:00 AM
14431.8,14288.2,3/29/2022 12:00:00 AM
14412.71,14269.3,3/28/2022 12:00:00 AM
14432.81,14289.2,3/25/2022 12:00:00 AM
14422.76,14279.25,3/24/2022 12:00:00 AM
14429.79,14286.21,3/23/2022 12:00:00 AM
14412.71,14269.3,3/22/2022 12:00:00 AM
14411.7,14268.3,3/21/2022 12:00:00 AM
14361.45,14218.55,3/18/2022 12:00:00 AM
14382.56,14239.45,3/17/2022 12:00:00 AM
14392.61,14249.4,3/16/2022 12:00:00 AM
14399.64,14256.36,3/15/2022 12:00:00 AM
14377.53,14234.47,3/14/2022 12:00:00 AM
14369.49,14226.51,03/11/2022 00:00
14442.86,14299.15,03/10/2022 00:00
14465.97,14322.03,03/09/2022 00:00
14483.06,14338.95,03/08/2022 00:00
14454.92,14311.09,03/07/2022 00:00
14444.87,14301.14,03/04/2022 00:00
14421.75,14278.25,03/02/2022 00:00
14440.85,14297.16,03/01/2022 00:00
14442.86,14299.15,2/25/2022 12:00:00 AM
14426.78,14283.23,2/24/2022 12:00:00 AM
14433.81,14290.19,2/23/2022 12:00:00 AM
14400.65,14257.36,2/22/2022 12:00:00 AM
14410.7,14267.31,2/21/2022 12:00:00 AM
14372.51,14229.5,2/18/2022 12:00:00 AM
14349.39,14206.61,2/17/2022 12:00:00 AM
14363.46,14220.54,2/16/2022 12:00:00 AM
14409.69,14266.31,2/15/2022 12:00:00 AM
14430.8,14287.21,2/14/2022 12:00:00 AM
14415.72,14272.28,02/11/2022 00:00
14437.83,14294.17,02/10/2022 00:00
14456.93,14313.08,02/09/2022 00:00
14476.02,14331.98,02/08/2022 00:00
14447.88,14304.12,02/07/2022 00:00
14452.91,14309.1,02/04/2022 00:00
14418.74,14275.27,02/03/2022 00:00
14463.96,14320.04,02/02/2022 00:00
14452.91,14309.1,1/31/2022 12:00:00 AM
14456.93,14313.08,1/28/2022 12:00:00 AM
14417.73,14274.27,1/27/2022 12:00:00 AM
14429.79,14286.21,1/26/2022 12:00:00 AM
14398.64,14255.37,1/25/2022 12:00:00 AM
14418.74,14275.27,1/24/2022 12:00:00 AM
14425.77,14282.23,1/21/2022 12:00:00 AM
14441.85,14298.15,1/20/2022 12:00:00 AM
14396.63,14253.38,1/19/2022 12:00:00 AM
14394.62,14251.39,1/18/2022 12:00:00 AM
14381.55,14238.45,1/17/2022 12:00:00 AM
14382.56,14239.45,1/14/2022 12:00:00 AM
14373.51,14230.49,1/13/2022 12:00:00 AM
14370.5,14227.51,01/12/2022 00:00
14394.62,14251.39,01/11/2022 00:00
14431.8,14288.2,01/10/2022 00:00
14467.98,14324.02,01/07/2022 00:00
14436.83,14293.18,01/06/2022 00:00
14381.55,14238.45,01/05/2022 00:00
14341.35,14198.65,01/04/2022 00:00
14349.39,14206.61,01/03/2022 00:00
14340.35,14197.66,12/31/2021 12:00:00 AM
14336.33,14193.68,12/30/2021 12:00:00 AM
14308.19,14165.82,12/29/2021 12:00:00 AM
14296.13,14153.88,12/28/2021 12:00:00 AM
14290.1,14147.91,12/27/2021 12:00:00 AM
14322.26,14179.75,12/24/2021 12:00:00 AM
14335.32,14192.68,12/23/2021 12:00:00 AM
14420.75,14277.26,12/22/2021 12:00:00 AM
14455.92,14312.08,12/21/2021 12:00:00 AM
14414.72,14271.29,12/20/2021 12:00:00 AM
14414.72,14271.29,12/17/2021 12:00:00 AM
14408.69,14265.32,12/16/2021 12:00:00 AM
14419.74,14276.26,12/15/2021 12:00:00 AM
14417.73,14274.27,12/14/2021 12:00:00 AM
14449.89,14306.11,12/13/2021 12:00:00 AM
14422.76,14279.25,12/10/2021 00:00
14419.74,14276.26,12/09/2021 00:00
14480.04,14335.96,12/08/2021 00:00
14513.21,14368.8,12/07/2021 00:00
14480.04,14335.96,12/06/2021 00:00
14449.89,14306.11,12/03/2021 00:00
14424.77,14281.24,12/02/2021 00:00
14391.6,14248.4,12/01/2021 00:00
14411.7,14268.3,11/30/2021 12:00:00 AM
14351.4,14208.6,11/29/2021 12:00:00 AM
14351.4,14208.6,11/26/2021 12:00:00 AM
14343.36,14200.64,11/25/2021 12:00:00 AM
14343.36,14200.64,11/24/2021 12:00:00 AM
14326.28,14183.73,11/23/2021 12:00:00 AM
14308.19,14165.82,11/22/2021 12:00:00 AM
14302.16,14159.85,11/19/2021 12:00:00 AM
14330.3,14187.71,11/18/2021 12:00:00 AM
14282.06,14139.95,11/17/2021 12:00:00 AM
14277.03,14134.97,11/16/2021 12:00:00 AM
14314.22,14171.79,11/15/2021 12:00:00 AM
14359.44,14216.56,11/12/2021 00:00
14324.27,14181.74,11/11/2021 00:00
14304.17,14161.84,11/10/2021 00:00
14339.34,14196.66,11/09/2021 00:00
14445.87,14302.13,11/08/2021 00:00
14398.64,14255.37,11/05/2021 00:00
14372.51,14229.5,11/04/2021 00:00
14332.31,14189.7,11/03/2021 00:00
14306.18,14163.83,11/02/2021 00:00
14241.86,14100.15,11/01/2021 00:00
14270,14128.01,10/29/2021 12:00:00 AM
14254.92,14113.08,10/28/2021 12:00:00 AM
14235.83,14094.18,10/27/2021 12:00:00 AM
14253.92,14112.09,10/26/2021 12:00:00 AM
14232.81,14091.19,10/25/2021 12:00:00 AM
14203.67,14062.34,10/22/2021 12:00:00 AM
14150.4,14009.6,10/21/2021 12:00:00 AM
14166.48,14025.52,10/19/2021 12:00:00 AM
14154.42,14013.58,10/18/2021 12:00:00 AM
14225.78,14084.23,10/15/2021 12:00:00 AM
14292.11,14149.9,10/14/2021 12:00:00 AM
14288.09,14145.92,10/13/2021 12:00:00 AM
14281.05,14138.95,10/12/2021 00:00
14296.13,14153.88,10/11/2021 00:00
14309.19,14166.81,10/08/2021 00:00
14316.23,14173.78,10/07/2021 00:00
14331.3,14188.7,10/06/2021 00:00
14347.38,14204.62,10/05/2021 00:00
14386.58,14243.43,10/04/2021 00:00
14392.61,14249.4,10/01/2021 00:00
14378.54,14235.47,9/30/2021 12:00:00 AM
14340.35,14197.66,9/29/2021 12:00:00 AM
14329.29,14186.71,9/28/2021 12:00:00 AM
14321.25,14178.75,9/27/2021 12:00:00 AM
14327.28,14184.72,9/24/2021 12:00:00 AM
14320.25,14177.76,9/23/2021 12:00:00 AM
14315.22,14172.78,9/22/2021 12:00:00 AM
14322.26,14179.75,9/21/2021 12:00:00 AM
14304.17,14161.84,9/20/2021 12:00:00 AM
14309.19,14166.81,9/17/2021 12:00:00 AM
14323.26,14180.74,9/16/2021 12:00:00 AM
14328.29,14185.72,9/15/2021 12:00:00 AM
14331.3,14188.7,9/14/2021 12:00:00 AM
14296.13,14153.88,9/13/2021 12:00:00 AM
14343.36,14200.64,09/10/2021 00:00
14337.33,14194.67,09/09/2021 00:00
14265.98,14124.03,09/08/2021 00:00
14310.2,14167.81,09/07/2021 00:00
14332.31,14189.7,09/06/2021 00:00
14352.41,14209.6,09/03/2021 00:00
14355.42,14212.58,09/02/2021 00:00
14377.53,14234.47,09/01/2021 00:00
14445.87,14302.13,8/31/2021 12:00:00 AM
14503.16,14358.85,8/30/2021 12:00:00 AM
14495.12,14350.89,8/27/2021 12:00:00 AM
14480.04,14335.96,8/26/2021 12:00:00 AM
14462.96,14319.05,8/25/2021 12:00:00 AM
14487.08,14342.93,8/24/2021 12:00:00 AM
14536.32,14391.68,8/23/2021 12:00:00 AM
14486.07,14341.93,8/20/2021 12:00:00 AM
14455.92,14312.08,8/19/2021 12:00:00 AM
14454.92,14311.09,8/18/2021 12:00:00 AM
14459.94,14316.06,8/16/2021 12:00:00 AM
14460.95,14317.06,8/13/2021 12:00:00 AM
14468.99,14325.02,08/12/2021 00:00
14449.89,14306.11,08/10/2021 00:00
14440.85,14297.16,08/09/2021 00:00
14413.71,14270.29,08/06/2021 00:00
14395.62,14252.38,08/05/2021 00:00
14433.81,14290.19,08/04/2021 00:00
14528.28,14383.72,08/03/2021 00:00
14534.31,14389.69,08/02/2021 00:00
14563.46,14418.55,7/30/2021 12:00:00 AM
14570.49,14425.51,7/29/2021 12:00:00 AM
14561.45,14416.56,7/28/2021 12:00:00 AM
14566.47,14421.53,7/27/2021 12:00:00 AM
14573.51,14428.5,7/26/2021 12:00:00 AM
14580.54,14435.46,7/23/2021 12:00:00 AM
14626.77,14481.23,7/22/2021 12:00:00 AM
14596.62,14451.38,7/21/2021 12:00:00 AM
14589.59,14444.42,7/19/2021 12:00:00 AM
14575.52,14430.49,7/16/2021 12:00:00 AM
14565.47,14420.54,7/15/2021 12:00:00 AM
14558.43,14413.57,7/14/2021 12:00:00 AM
14558.43,14413.57,7/13/2021 12:00:00 AM
14620.74,14475.26,07/12/2021 00:00
14620.74,14475.26,07/09/2021 00:00
14572.5,14427.5,07/08/2021 00:00
14540.34,14395.66,07/07/2021 00:00
14554.41,14409.59,07/06/2021 00:00
14636.82,14491.18,07/05/2021 00:00
14611.7,14466.31,07/02/2021 00:00
14614.71,14469.29,07/01/2021 00:00
14568.48,14423.52,6/30/2021 12:00:00 AM
14544.36,14399.64,6/29/2021 12:00:00 AM
14519.24,14374.77,6/28/2021 12:00:00 AM
14534.31,14389.69,6/25/2021 12:00:00 AM
14526.27,14381.73,6/24/2021 12:00:00 AM
14493.11,14348.9,6/23/2021 12:00:00 AM
14525.27,14380.74,6/22/2021 12:00:00 AM
14475.02,14330.99,6/21/2021 12:00:00 AM
14449.89,14306.11,6/18/2021 12:00:00 AM
14328.29,14185.72,6/17/2021 12:00:00 AM
14315.22,14172.78,6/16/2021 12:00:00 AM
14293.11,14150.89,6/15/2021 12:00:00 AM
14277.03,14134.97,6/14/2021 12:00:00 AM
14311.2,14168.8,06/11/2021 00:00
14333.31,14190.69,06/10/2021 00:00
14333.31,14190.69,06/09/2021 00:00
14342.36,14199.65,06/08/2021 00:00
14387.58,14244.42,06/07/2021 00:00
14368.49,14225.52,06/04/2021 00:00
14347.38,14204.62,06/03/2021 00:00
14363.46,14220.54,06/02/2021 00:00
14381.55,14238.45,06/01/2021 00:00
14381.55,14238.45,5/31/2021 12:00:00 AM
14383.56,14240.44,5/28/2021 12:00:00 AM
14406.68,14263.33,5/27/2021 12:00:00 AM
14433.81,14290.19,5/26/2021 12:00:00 AM
14433.81,14290.19,5/25/2021 12:00:00 AM
14446.88,14303.13,5/24/2021 12:00:00 AM
14467.98,14324.02,5/21/2021 12:00:00 AM
14384.57,14241.44,5/20/2021 12:00:00 AM
14371.5,14228.5,5/19/2021 12:00:00 AM
14355.42,14212.58,5/18/2021 12:00:00 AM
14274.02,14131.99,5/17/2021 12:00:00 AM
14268.99,14127.01,5/14/2021 12:00:00 AM
14268.99,14127.01,5/13/2021 12:00:00 AM
14268.99,14127.01,05/12/2021 00:00
14268.99,14127.01,05/11/2021 00:00
14360.45,14217.56,05/10/2021 00:00
14435.82,14292.18,05/07/2021 00:00
14511.2,14366.81,05/06/2021 00:00
14503.16,14358.85,05/05/2021 00:00
14539.34,14394.67,05/04/2021 00:00
14525.27,14380.74,05/03/2021 00:00
14540.34,14395.66,4/30/2021 12:00:00 AM
14582.55,14437.45,4/29/2021 12:00:00 AM
14569.49,14424.52,4/28/2021 12:00:00 AM
14561.45,14416.56,4/27/2021 12:00:00 AM
14620.74,14475.26,4/26/2021 12:00:00 AM
14602.65,14457.35,4/23/2021 12:00:00 AM
14621.75,14476.26,4/22/2021 12:00:00 AM
14580.54,14435.46,4/21/2021 12:00:00 AM
14640.84,14495.16,4/20/2021 12:00:00 AM
14664.96,14519.04,4/19/2021 12:00:00 AM
14719.23,14572.77,4/16/2021 12:00:00 AM
14706.17,14559.84,4/15/2021 12:00:00 AM
14721.24,14574.76,4/14/2021 12:00:00 AM
14704.16,14557.85,4/13/2021 12:00:00 AM
14652.9,14507.1,04/12/2021 00:00
14652.9,14507.1,04/09/2021 00:00
14585.57,14440.44,04/08/2021 00:00
14591.6,14446.41,04/07/2021 00:00
14605.67,14460.34,04/06/2021 00:00
14656.92,14511.08,04/05/2021 00:00
14649.89,14504.12,04/02/2021 00:00
14649.89,14504.12,04/01/2021 00:00
14644.86,14499.14,3/31/2021 12:00:00 AM
14553.41,14408.6,3/30/2021 12:00:00 AM
14506.17,14361.83,3/29/2021 12:00:00 AM
14518.23,14373.77,3/26/2021 12:00:00 AM
14536.32,14391.68,3/25/2021 12:00:00 AM
14527.28,14382.73,3/24/2021 12:00:00 AM
14493.11,14348.9,3/23/2021 12:00:00 AM
14528.28,14383.72,3/22/2021 12:00:00 AM
14548.38,14403.62,3/19/2021 12:00:00 AM
14484.06,14339.94,3/18/2021 12:00:00 AM
14531.3,14386.71,3/17/2021 12:00:00 AM
14496.12,14351.88,3/16/2021 12:00:00 AM
14490.09,14345.91,3/15/2021 12:00:00 AM
14442.86,14299.15,03/12/2021 00:00
14493.11,14348.9,03/11/2021 00:00
14493.11,14348.9,03/10/2021 00:00
14540.34,14395.66,03/09/2021 00:00
14461.95,14318.05,03/08/2021 00:00
14442.86,14299.15,03/05/2021 00:00
14370.5,14227.51,03/04/2021 00:00
14405.67,14262.33,03/03/2021 00:00
14378.54,14235.47,03/02/2021 00:00
14371.5,14228.5,03/01/2021 00:00
14300.15,14157.86,2/26/2021 12:00:00 AM
14174.52,14033.48,2/25/2021 12:00:00 AM
14159.45,14018.56,2/24/2021 12:00:00 AM
14196.63,14055.37,2/23/2021 12:00:00 AM
14168.49,14027.51,2/22/2021 12:00:00 AM
14155.43,14014.58,2/19/2021 12:00:00 AM
14129.3,13988.71,2/18/2021 12:00:00 AM
14089.1,13948.91,2/17/2021 12:00:00 AM
13944.38,13805.63,2/16/2021 12:00:00 AM
14015.73,13876.27,2/15/2021 12:00:00 AM
14081.06,13940.95,02/12/2021 00:00
14081.06,13940.95,02/11/2021 00:00
14058.95,13919.06,02/10/2021 00:00
14070,13930,02/09/2021 00:00
14070,13930,02/08/2021 00:00
14132.31,13991.69,02/05/2021 00:00
14106.18,13965.82,02/04/2021 00:00
14087.09,13946.92,02/03/2021 00:00
14114.22,13973.78,02/02/2021 00:00
14112.21,13971.79,02/01/2021 00:00
14154.42,14013.58,1/29/2021 12:00:00 AM
14189.6,14048.41,1/28/2021 12:00:00 AM
14161.46,14020.55,1/27/2021 12:00:00 AM
14156.43,14015.57,1/26/2021 12:00:00 AM
14152.41,14011.59,1/25/2021 12:00:00 AM
14124.27,13983.73,1/22/2021 12:00:00 AM
14109.2,13968.81,1/21/2021 12:00:00 AM
14135.33,13994.68,1/20/2021 12:00:00 AM
14156.43,14015.57,1/19/2021 12:00:00 AM
14150.4,14009.6,1/18/2021 12:00:00 AM
14138.34,13997.66,1/15/2021 12:00:00 AM
14189.6,14048.41,1/14/2021 12:00:00 AM
14179.55,14038.46,1/13/2021 12:00:00 AM
14302.16,14159.85,01/12/2021 00:00
14225.78,14084.23,01/11/2021 00:00
14128.29,13987.71,01/08/2021 00:00
14007.69,13868.31,01/07/2021 00:00
13995.63,13856.37,01/06/2021 00:00
14014.73,13875.28,01/05/2021 00:00
13972.52,13833.49,01/04/2021 00:00
14175.53,14034.48,12/31/2020 12:00:00 AM
14175.53,14034.48,12/30/2020 12:00:00 AM
14239.85,14098.16,12/29/2020 12:00:00 AM
14254.92,14113.08,12/28/2020 12:00:00 AM
14353.41,14210.59,12/25/2020 12:00:00 AM
14353.41,14210.59,12/24/2020 12:00:00 AM
14353.41,14210.59,12/23/2020 12:00:00 AM
14289.09,14146.91,12/22/2020 12:00:00 AM
14250.9,14109.1,12/21/2020 12:00:00 AM
14216.73,14075.27,12/18/2020 12:00:00 AM
14222.76,14081.24,12/17/2020 12:00:00 AM
14221.76,14080.25,12/16/2020 12:00:00 AM
14241.86,14100.15,12/15/2020 12:00:00 AM
14228.79,14087.21,12/14/2020 12:00:00 AM
14172.51,14031.49,12/11/2020 00:00
14200.65,14059.35,12/10/2020 00:00
14234.82,14093.18,12/09/2020 00:00
14234.82,14093.18,12/08/2020 00:00
14205.68,14064.33,12/07/2020 00:00
14252.91,14111.09,12/04/2020 00:00
14247.89,14106.12,12/03/2020 00:00
14234.82,14093.18,12/02/2020 00:00
14248.89,14107.11,12/01/2020 00:00
14198.64,14057.36,11/30/2020 12:00:00 AM
14215.73,14074.28,11/27/2020 12:00:00 AM
14200.65,14059.35,11/26/2020 12:00:00 AM
14239.85,14098.16,11/25/2020 12:00:00 AM
14266.98,14125.02,11/24/2020 12:00:00 AM
14234.82,14093.18,11/23/2020 12:00:00 AM
14299.14,14156.86,11/20/2020 12:00:00 AM
14237.84,14096.17,11/19/2020 12:00:00 AM
14188.59,14047.41,11/18/2020 12:00:00 AM
14143.37,14002.64,11/17/2020 12:00:00 AM
14209.7,14068.31,11/16/2020 12:00:00 AM
14293.11,14150.89,11/13/2020 12:00:00 AM
14257.94,14116.07,11/12/2020 00:00
14146.38,14005.62,11/11/2020 00:00
14085.08,13944.93,11/10/2020 00:00
14242.86,14101.14,11/09/2020 00:00
14392.61,14249.4,11/06/2020 00:00
14511.2,14366.81,11/05/2020 00:00
14629.79,14484.22,11/04/2020 00:00
14682.05,14535.96,11/03/2020 00:00
14791.59,14644.41,11/02/2020 00:00
14763.45,14616.55,10/30/2020 12:00:00 AM
14763.45,14616.55,10/29/2020 12:00:00 AM
14763.45,14616.55,10/28/2020 12:00:00 AM
14763.45,14616.55,10/27/2020 12:00:00 AM
14770.49,14623.52,10/26/2020 12:00:00 AM
14811.69,14664.31,10/23/2020 12:00:00 AM
14770.49,14623.52,10/22/2020 12:00:00 AM
14731.29,14584.71,10/21/2020 12:00:00 AM
14802.65,14655.36,10/20/2020 12:00:00 AM
14814.71,14667.3,10/19/2020 12:00:00 AM
14839.83,14692.17,10/16/2020 12:00:00 AM
14833.8,14686.2,10/15/2020 12:00:00 AM
14853.9,14706.1,10/14/2020 12:00:00 AM
14866.97,14719.04,10/13/2020 12:00:00 AM
14819.73,14672.27,10/12/2020 00:00
14810.69,14663.32,10/09/2020 00:00
14823.75,14676.25,10/08/2020 00:00
14857.92,14710.08,10/07/2020 00:00
14785.56,14638.44,10/06/2020 00:00
14941.34,14792.67,10/05/2020 00:00
14964.45,14815.55,10/02/2020 00:00
14950.38,14801.62,10/01/2020 00:00
14992.59,14843.41,9/30/2020 12:00:00 AM
14994.6,14845.4,9/29/2020 12:00:00 AM
15033.8,14884.21,9/28/2020 12:00:00 AM
15025.76,14876.25,9/25/2020 12:00:00 AM
15023.75,14874.26,9/24/2020 12:00:00 AM
14909.18,14760.83,9/23/2020 12:00:00 AM
14855.91,14708.09,9/22/2020 12:00:00 AM
14796.62,14649.39,9/21/2020 12:00:00 AM
14841.84,14694.16,9/18/2020 12:00:00 AM
14952.39,14803.61,9/17/2020 12:00:00 AM
14918.22,14769.78,9/16/2020 12:00:00 AM
14944.35,14795.65,9/15/2020 12:00:00 AM
15048.87,14899.13,9/14/2020 12:00:00 AM
15053.9,14904.11,09/11/2020 00:00
14945.36,14796.65,09/10/2020 00:00
14927.27,14778.74,09/09/2020 00:00
14871.99,14724.01,09/08/2020 00:00
14827.77,14680.23,09/07/2020 00:00
14865.96,14718.04,09/04/2020 00:00
14892.09,14743.91,09/03/2020 00:00
14878.02,14729.98,09/02/2020 00:00
14688.08,14541.93,09/01/2020 00:00
14626.77,14481.23,8/31/2020 12:00:00 AM
14775.51,14628.49,8/28/2020 12:00:00 AM
14787.57,14640.43,8/27/2020 12:00:00 AM
14709.18,14562.82,8/26/2020 12:00:00 AM
14705.16,14558.84,8/25/2020 12:00:00 AM
14867.97,14720.03,8/24/2020 12:00:00 AM
14859.93,14712.07,8/19/2020 12:00:00 AM
14981.54,14832.47,8/18/2020 12:00:00 AM
14991.59,14842.42,8/14/2020 12:00:00 AM
14951.39,14802.62,8/13/2020 12:00:00 AM
14850.89,14703.12,08/12/2020 00:00
14801.64,14654.36,08/11/2020 00:00
14823.75,14676.25,08/10/2020 00:00
14720.24,14573.77,08/07/2020 00:00
14659.94,14514.07,08/06/2020 00:00
14696.12,14549.89,08/05/2020 00:00
14770.49,14623.52,08/04/2020 00:00
14786.57,14639.44,08/03/2020 00:00
14726.27,14579.74,7/30/2020 12:00:00 AM
14642.85,14497.15,7/29/2020 12:00:00 AM
14615.72,14470.29,7/28/2020 12:00:00 AM
14678.03,14531.98,7/27/2020 12:00:00 AM
14687.07,14540.93,7/24/2020 12:00:00 AM
14742.35,14595.66,7/23/2020 12:00:00 AM
14728.28,14581.73,7/22/2020 12:00:00 AM
14887.07,14738.94,7/21/2020 12:00:00 AM
14906.16,14757.84,7/20/2020 12:00:00 AM
14853.9,14706.1,7/17/2020 12:00:00 AM
14705.16,14558.84,7/16/2020 12:00:00 AM
14689.08,14542.92,7/15/2020 12:00:00 AM
14584.56,14439.44,7/14/2020 12:00:00 AM
14558.43,14413.57,7/13/2020 12:00:00 AM
14573.51,14428.5,07/10/2020 00:00
14518.23,14373.77,07/09/2020 00:00
14532.3,14387.7,07/08/2020 00:00
14528.28,14383.72,07/07/2020 00:00
14619.74,14474.27,07/06/2020 00:00
14638.83,14493.17,07/03/2020 00:00
14588.58,14443.42,07/02/2020 00:00
14412.71,14269.3,07/01/2020 00:00
14373.51,14230.49,6/30/2020 12:00:00 AM
14440.85,14297.16,6/29/2020 12:00:00 AM
14310.2,14167.81,6/26/2020 12:00:00 AM
14302.16,14159.85,6/25/2020 12:00:00 AM
14230.8,14089.2,6/24/2020 12:00:00 AM
14336.33,14193.68,6/23/2020 12:00:00 AM
14280.05,14137.96,6/22/2020 12:00:00 AM
14313.21,14170.79,6/19/2020 12:00:00 AM
14256.93,14115.07,6/18/2020 12:00:00 AM
14305.17,14162.83,6/17/2020 12:00:00 AM
14225.78,14084.23,6/16/2020 12:00:00 AM
14299.14,14156.86,6/15/2020 12:00:00 AM
14328.29,14185.72,06/12/2020 00:00
14084.07,13943.93,06/11/2020 00:00
14153.42,14012.59,06/10/2020 00:00
14042.87,13903.14,06/09/2020 00:00
14025.78,13886.22,06/08/2020 00:00
14170.5,14029.5,06/05/2020 00:00
14235.83,14094.18,06/04/2020 00:00
14316.23,14173.78,06/03/2020 00:00
14574.51,14429.49,06/02/2020 00:00
14806.67,14659.34,5/29/2020 12:00:00 AM
14842.85,14695.16,5/28/2020 12:00:00 AM
14834.81,14687.2,5/27/2020 12:00:00 AM
14847.87,14700.13,5/26/2020 12:00:00 AM
14858.93,14711.08,5/20/2020 12:00:00 AM
14897.12,14748.89,5/19/2020 12:00:00 AM
14959.43,14810.58,5/18/2020 12:00:00 AM
14983.55,14834.46,5/15/2020 12:00:00 AM
15020.73,14871.27,5/14/2020 12:00:00 AM
14961.44,14812.57,5/13/2020 12:00:00 AM
15052.89,14903.11,05/12/2020 00:00
15010.68,14861.32,05/11/2020 00:00
15084.05,14933.96,05/08/2020 00:00
15202.64,15051.37,05/06/2020 00:00
15179.52,15028.48,05/05/2020 00:00
15148.37,14997.64,05/04/2020 00:00
15232.79,15081.22,4/30/2020 12:00:00 AM
15492.08,15337.93,4/29/2020 12:00:00 AM
15565.44,15410.56,4/28/2020 12:00:00 AM
15668.96,15513.05,4/27/2020 12:00:00 AM
15630.77,15475.24,4/24/2020 12:00:00 AM
15708.15,15551.85,4/23/2020 12:00:00 AM
15644.84,15489.17,4/22/2020 12:00:00 AM
15721.22,15564.79,4/21/2020 12:00:00 AM
15620.72,15465.29,4/20/2020 12:00:00 AM
15580.52,15425.49,4/17/2020 12:00:00 AM
15865.94,15708.07,4/16/2020 12:00:00 AM
15785.54,15628.47,4/15/2020 12:00:00 AM
15800.61,15643.39,4/14/2020 12:00:00 AM
15919.2,15760.8,4/13/2020 12:00:00 AM
16322.21,16159.8,04/09/2020 00:00
16326.23,16163.78,04/08/2020 00:00
16492.05,16327.95,04/07/2020 00:00
16638.78,16473.22,04/06/2020 00:00
16546.32,16381.68,04/03/2020 00:00
16824.71,16657.3,04/02/2020 00:00
16495.07,16330.94,04/01/2020 00:00
16448.84,16285.17,3/31/2020 12:00:00 AM
16417.68,16254.32,3/30/2020 12:00:00 AM
16311.15,16148.85,3/27/2020 12:00:00 AM
16409.64,16246.36,3/26/2020 12:00:00 AM
16568.43,16403.57,3/24/2020 12:00:00 AM
16691.04,16524.96,3/23/2020 12:00:00 AM
16354.37,16191.64,3/20/2020 12:00:00 AM
15790.56,15633.44,3/19/2020 12:00:00 AM
15299.12,15146.89,3/18/2020 12:00:00 AM
15158.42,15007.59,3/17/2020 12:00:00 AM
14892.09,14743.91,3/16/2020 12:00:00 AM
14889.08,14740.93,3/13/2020 12:00:00 AM
14562.45,14417.55,03/12/2020 00:00
14394.62,14251.39,03/11/2020 00:00
14483.06,14338.95,03/10/2020 00:00
14413.71,14270.29,03/09/2020 00:00
14338.34,14195.67,03/06/2020 00:00
14238.84,14097.16,03/05/2020 00:00
14241.86,14100.15,03/04/2020 00:00
14293.11,14150.89,03/03/2020 00:00
14485.07,14340.94,03/02/2020 00:00
14305.17,14162.83,2/28/2020 12:00:00 AM
14088.09,13947.91,2/27/2020 12:00:00 AM
14035.83,13896.17,2/26/2020 12:00:00 AM
13962.47,13823.54,2/25/2020 12:00:00 AM
13932.32,13793.69,2/24/2020 12:00:00 AM
13845.89,13708.12,2/21/2020 12:00:00 AM
13803.68,13666.33,2/20/2020 12:00:00 AM
13785.59,13648.42,2/19/2020 12:00:00 AM
13744.38,13607.62,2/18/2020 12:00:00 AM
13761.47,13624.54,2/17/2020 12:00:00 AM
13775.54,13638.47,2/14/2020 12:00:00 AM
13747.4,13610.61,2/13/2020 12:00:00 AM
13727.3,13590.71,02/12/2020 00:00
13754.43,13617.57,02/11/2020 00:00
13776.54,13639.46,02/10/2020 00:00
13715.24,13578.77,02/07/2020 00:00
13730.31,13593.69,02/06/2020 00:00
13785.59,13648.42,02/05/2020 00:00
13828.8,13691.2,02/04/2020 00:00
13794.63,13657.37,02/03/2020 00:00
13730.31,13593.69,1/31/2020 12:00:00 AM
13720.26,13583.74,1/30/2020 12:00:00 AM
13702.17,13565.83,1/29/2020 12:00:00 AM
13715.24,13578.77,1/28/2020 12:00:00 AM
13680.06,13543.94,1/27/2020 12:00:00 AM
13700.16,13563.84,1/24/2020 12:00:00 AM
13694.13,13557.87,1/23/2020 12:00:00 AM
13746.39,13609.61,1/22/2020 12:00:00 AM
13726.29,13589.71,1/21/2020 12:00:00 AM
13722.27,13585.73,1/20/2020 12:00:00 AM
13716.24,13579.76,1/17/2020 12:00:00 AM
13726.29,13589.71,1/16/2020 12:00:00 AM
13774.53,13637.47,1/15/2020 12:00:00 AM
13722.27,13585.73,1/14/2020 12:00:00 AM
13776.54,13639.46,1/13/2020 12:00:00 AM
13881.06,13742.94,01/10/2020 00:00
13929.3,13790.7,01/09/2020 00:00
14003.67,13864.33,01/08/2020 00:00
13988.6,13849.41,01/07/2020 00:00
14030.81,13891.2,01/06/2020 00:00
13968.5,13829.51,01/03/2020 00:00
13964.48,13825.53,01/02/2020 00:00
